<?xml version="1.0" encoding="UTF-8"?>
<gmd:MD_Metadata xmlns="http://www.isotc211.org/2005/gmd"
  xmlns:xsi="http://www.w3.org/2001/XMLSchema-instance" xmlns:gco="http://www.isotc211.org/2005/gco"
  xmlns:gfc="http://www.isotc211.org/2005/gfc" xmlns:gmd="http://www.isotc211.org/2005/gmd"
  xmlns:xlink="http://www.w3.org/1999/xlink" xmlns:gmi="http://www.isotc211.org/2005/gmi"
  xmlns:gml="http://www.opengis.net/gml/3.2" xmlns:gmx="http://www.isotc211.org/2005/gmx"
  xmlns:gsr="http://www.isotc211.org/2005/gsr" xmlns:gss="http://www.isotc211.org/2005/gss"
  xmlns:gts="http://www.isotc211.org/2005/gts" xmlns:srv="http://www.isotc211.org/2005/srv"
  xsi:schemaLocation="http://www.isotc211.org/2005/gmd http://nap.geogratis.gc.ca/metadata/tools/schemas/metadata/can-cgsb-171.100-2009-a/gmd/gmd.xsd http://www.isotc211.org/2005/srv http://nap.geogratis.gc.ca/metadata/tools/schemas/metadata/can-cgsb-171.100-2009-a/srv/srv.xsd http://www.geconnections.org/nap/napMetadataTools/napXsd/napm http://nap.geogratis.gc.ca/metadata/tools/schemas/metadata/can-cgsb-171.100-2009-a/napm/napm.xsd">
  <gmd:fileIdentifier>
    <gco:CharacterString>NID</gco:CharacterString>
  </gmd:fileIdentifier>
  <gmd:language>
    <gco:CharacterString>eng; CAN</gco:CharacterString>
  </gmd:language>
  <gmd:characterSet>
    <gmd:MD_CharacterSetCode codeList="http://nap.geogratis.gc.ca/metadata/register/napMetadataRegister.xml#IC_95" codeListValue="RI_458">utf8; utf8</gmd:MD_CharacterSetCode>
  </gmd:characterSet>  <gmd:hierarchyLevel>
    <gmd:MD_ScopeCode codeList="http://nap.geogratis.gc.ca/metadata/register/napMetadataRegister.xml#IC_108" codeListValue="RI_622">dataset; jeuDonnées</gmd:MD_ScopeCode>
  </gmd:hierarchyLevel>
  <gmd:contact>
    <gmd:CI_ResponsibleParty>
      <gmd:organisationName xsi:type="gmd:PT_FreeText_PropertyType">
        <gco:CharacterString>Government of Canada; Natural Resources Canada; Strategic Policy and Results Sector; Canada Centre for Mapping and Earth Observation; Emergency Geomatic Services</gco:CharacterString>
        <gmd:PT_FreeText>
          <gmd:textGroup>
            <gmd:LocalisedCharacterString locale="#fra">Gouvernement du Canada; Ressources naturelles Canada; Secteur de la politique stratégique et des résultats; Centre canadien de cartographie et d'observation de la Terre; Service Géomatique d'Urgence</gmd:LocalisedCharacterString>
          </gmd:textGroup>
        </gmd:PT_FreeText>
      </gmd:organisationName>
      <gmd:contactInfo>
        <gmd:CI_Contact>
          <gmd:address>
            <gmd:CI_Address>
              <gmd:electronicMailAddress xsi:type="gmd:PT_FreeText_PropertyType">
                <gco:CharacterString>nrcan.egs-sgu.rncan@canada.ca</gco:CharacterString>
                <gmd:PT_FreeText>
                  <gmd:textGroup>
                    <gmd:LocalisedCharacterString locale="#fra">nrcan.egs-sgu.rncan@canada.ca</gmd:LocalisedCharacterString>
                  </gmd:textGroup>
                </gmd:PT_FreeText>
              </gmd:electronicMailAddress>
            </gmd:CI_Address>
          </gmd:address>
        </gmd:CI_Contact>
      </gmd:contactInfo>
      <gmd:role>
        <gmd:CI_RoleCode codeList="http://nap.geogratis.gc.ca/metadata/register/napMetadataRegister.xml#IC_90" codeListValue="RI_414">pointOfContact; contact</gmd:CI_RoleCode>
      </gmd:role>
    </gmd:CI_ResponsibleParty>
  </gmd:contact>
  <gmd:dateStamp>
    <gco:Date>2017-05-23</gco:Date>
  </gmd:dateStamp>
  <gmd:metadataStandardName xsi:type="gmd:PT_FreeText_PropertyType">
    <gco:CharacterString>North American Profile of ISO 19115:2003 - Geographic information - Metadata</gco:CharacterString>
    <gmd:PT_FreeText>
      <gmd:textGroup>
        <gmd:LocalisedCharacterString locale="#fra">Profil nord-américain de la norme ISO 19115:2003 - Information géographique - Métadonnées</gmd:LocalisedCharacterString>
      </gmd:textGroup>
    </gmd:PT_FreeText>
  </gmd:metadataStandardName>
  <gmd:locale>
    <gmd:PT_Locale id="fra">
      <gmd:languageCode>
        <gmd:LanguageCode codeList="http://nap.geogratis.gc.ca/metadata/register/napMetadataRegister.xml#IC_116" codeListValue="fra">French; Français</gmd:LanguageCode>
      </gmd:languageCode>
      <gmd:country>
        <gmd:Country codeList="http://nap.geogratis.gc.ca/metadata/register/napMetadataRegister.xml#IC_117" codeListValue="CAN">Canada; Canada</gmd:Country>
      </gmd:country>
      <gmd:characterEncoding>
        <gmd:MD_CharacterSetCode codeList="http://nap.geogratis.gc.ca/metadata/register/napMetadataRegister.xml#IC_95" codeListValue="RI_458">utf8; utf8</gmd:MD_CharacterSetCode>
      </gmd:characterEncoding>
    </gmd:PT_Locale>
  </gmd:locale>
  <gmd:referenceSystemInfo>
    <gmd:MD_ReferenceSystem>
      <gmd:referenceSystemIdentifier>
        <gmd:RS_Identifier>
          <gmd:code>
            <gco:CharacterString>EPSG:3978</gco:CharacterString>
          </gmd:code>
          <gmd:codeSpace>
            <gco:CharacterString>http://www.epsg-registry.org</gco:CharacterString>
          </gmd:codeSpace>
        </gmd:RS_Identifier>
      </gmd:referenceSystemIdentifier>
    </gmd:MD_ReferenceSystem>
  </gmd:referenceSystemInfo>
  <gmd:identificationInfo>
    <gmd:MD_DataIdentification>
      <gmd:citation>
        <gmd:CI_Citation>
          <gmd:title xsi:type="gmd:PT_FreeText_PropertyType">
            <gco:CharacterString>Flood Extent Polygon - Lac des Deux Montagnes, Quebec - 2017-05-21 10:56:46</gco:CharacterString>
            <gmd:PT_FreeText>
              <gmd:textGroup>
                <gmd:LocalisedCharacterString locale="#fra">Polygone d'étendue d'inondation - Lac des Deux Montagnes, Québec - 2017-05-21 10:56:46</gmd:LocalisedCharacterString>
              </gmd:textGroup>
            </gmd:PT_FreeText>
          </gmd:title>
          <gmd:date>
            <gmd:CI_Date>
              <gmd:date>
                <gco:Date>2017-05-21</gco:Date>
              </gmd:date>
              <gmd:dateType>
                <gmd:CI_DateTypeCode codeList="http://nap.geogratis.gc.ca/metadata/register/napMetadataRegister.xml#IC_87" codeListValue="RI_366">creation; création</gmd:CI_DateTypeCode>
              </gmd:dateType>
            </gmd:CI_Date>
          </gmd:date>
          <gmd:date>
            <gmd:CI_Date>
              <gmd:date>
                <gco:Date>2017-05-21</gco:Date>
              </gmd:date>
              <gmd:dateType>
                <gmd:CI_DateTypeCode codeList="http://nap.geogratis.gc.ca/metadata/register/napMetadataRegister.xml#IC_87" codeListValue="RI_367">publication; publication</gmd:CI_DateTypeCode>
              </gmd:dateType>
            </gmd:CI_Date>
          </gmd:date>
          <gmd:citedResponsibleParty>
            <gmd:CI_ResponsibleParty>
              <gmd:organisationName xsi:type="gmd:PT_FreeText_PropertyType">
                <gco:CharacterString>Government of Canada; Natural Resources Canada; Strategic Policy and Results Sector; Canada Centre for Mapping and Earth Observation; Emergency Geomatic Services</gco:CharacterString>
                <gmd:PT_FreeText>
                  <gmd:textGroup>
                    <gmd:LocalisedCharacterString locale="#fra">Gouvernement du Canada; Ressources naturelles Canada; Secteur de la politique stratégique et des résultats; Centre canadien de cartographie et d'observation de la Terre; Service Géomatique d'Urgence</gmd:LocalisedCharacterString>
                  </gmd:textGroup>
                </gmd:PT_FreeText>
              </gmd:organisationName>
              <gmd:contactInfo>
                <gmd:CI_Contact>
                  <gmd:address>
                    <gmd:CI_Address>
                      <gmd:electronicMailAddress xsi:type="gmd:PT_FreeText_PropertyType">
                        <gco:CharacterString>nrcan.egs-sgu.rncan@canada.ca</gco:CharacterString>
                        <gmd:PT_FreeText>
                          <gmd:textGroup>
                            <gmd:LocalisedCharacterString locale="#fra">nrcan.egs-sgu.rncan@canada.ca</gmd:LocalisedCharacterString>
                          </gmd:textGroup>
                        </gmd:PT_FreeText>
                      </gmd:electronicMailAddress>
                    </gmd:CI_Address>
                  </gmd:address>
                </gmd:CI_Contact>
              </gmd:contactInfo>
              <gmd:role>
                <gmd:CI_RoleCode codeList="http://nap.geogratis.gc.ca/metadata/register/napMetadataRegister.xml#IC_90" codeListValue="RI_414">pointOfContact; contact</gmd:CI_RoleCode>
              </gmd:role>
            </gmd:CI_ResponsibleParty>
          </gmd:citedResponsibleParty>
        </gmd:CI_Citation>
      </gmd:citation>
      <gmd:abstract xsi:type="gmd:PT_FreeText_PropertyType">
        <gco:CharacterString>Derived flood extent for the region of Lac des Deux Montagnes, Quebec.
Source: RADARSAT-2 F4F Descending
Polarisation: HH+HV
Acquisition date and time: 2017-05-21 10:56:46
Minimum polygon size: "2.5 ha"

The open water flood extent products are derived from satellite imagery with a system developed and operated by the Strategic Policy and Results Sector (SPRS) of Natural Resources Canada (NRCan). This emergency mapping service is activated for large flood events in Canada. Products are generated and distributed in near real time as processed imagery becomes available. NRCan works closely with Public Safety Canada's National Headquarters in Ottawa, Regional offices, and Government Operations Centre (GOC) to define user needs, technical feasibility and for the coordination of satellite acquisition planning.

This product displays open water and flooded vegetation environments, derived from RADARSAT-2 imagery using a tool developed by Natural Resources Canada’s Canada Centre for Remote Sensing. Note that the product is a near real-time interpretation of satellite data that have yet to be comprehensively validated. This product may contain some errors, particularly in urban areas. </gco:CharacterString>
       <gmd:PT_FreeText>
          <gmd:textGroup>
            <gmd:LocalisedCharacterString locale="#fra">Étendue dérivée des inondations pour la région de Lac des Deux Montagnes, Québec.
Source: RADARSAT-2 F4F Descending
Polarisation: HH+HV.
Date et heure d’acquisition: 2017-05-21 10:56:46
Dimension minimale des polygones: "2.5 ha"

Les polygones de l'étendue des eaux libres liées aux inondations sont issus d'un système opéré par le Secteur de la Politique Stratégique et des Résultats (SPSR) de Ressources Naturelles Canada (RNCan) utilisant de l'imagerie satellitaire. Ce service de géomatique d'urgence est activé lors d'inondations sévères au Canada. Les produits sont générés et distribués en quasi temps réel, suivant la disponibilité de l'imagerie. RNCan travaille de près avec le siège national de Sécurité Publique Canada à Ottawa, les bureaux régionaux et le Centre des Opérations du Gouvernement (COG) pour déterminer les besoins des usagers, la faisabilité technique et la coordination de la planification d'acquisition des données satellitaires.

Ce produit représente l'étendue de l’eau en milieu ouvert et végétalisé. Il est dérivé de données RADARSAT-2 avec un outil développé au Centre canadien de télédétection de Ressources naturelles Canada. À noter que le produit est une interprétation en temps quasi réel des données satellites qui n'ont pas encore été validée de manière exhaustive. Ce produit peut contenir des erreurs, en particulier dans les zones urbaines.</gmd:LocalisedCharacterString>
          </gmd:textGroup>
        </gmd:PT_FreeText>
      </gmd:abstract>
      <gmd:status>
        <gmd:MD_ProgressCode codeList="http://nap.geogratis.gc.ca/metadata/register/napMetadataRegister.xml#IC_106" codeListValue="RI_593">completed; complété</gmd:MD_ProgressCode>
      </gmd:status>
      <gmd:resourceMaintenance>
        <gmd:MD_MaintenanceInformation>
          <gmd:maintenanceAndUpdateFrequency>
            <gmd:MD_MaintenanceFrequencyCode codeList="http://nap.geogratis.gc.ca/metadata/register/napMetadataRegister.xml#IC_102" codeListValue="RI_542">notPlanned; nonPlanifié</gmd:MD_MaintenanceFrequencyCode>
          </gmd:maintenanceAndUpdateFrequency>
        </gmd:MD_MaintenanceInformation>
      </gmd:resourceMaintenance>
      <gmd:graphicOverview>
        <gmd:MD_BrowseGraphic>
          <gmd:fileName>
            <gco:CharacterString>ftp://ftp.neodf.nrcan.gc.ca/EGS/2017/Flood_Products/QC/FloodExtentPolygon_QC_LacDeuxMontagnes_20170521_105646_thumb.png</gco:CharacterString>
          </gmd:fileName>
          <gmd:fileDescription>
            <gco:CharacterString>Thumbnail of the study area for the FGP</gco:CharacterString>
          </gmd:fileDescription>
        </gmd:MD_BrowseGraphic>
      </gmd:graphicOverview>
      <gmd:descriptiveKeywords>
        <gmd:MD_Keywords>
          <gmd:keyword xsi:type="gmd:PT_FreeText_PropertyType">
            <gco:CharacterString>Lac des Deux Montagnes, Quebec</gco:CharacterString>
            <gmd:PT_FreeText>
              <gmd:textGroup>
                <gmd:LocalisedCharacterString locale="#fra">Lac des Deux Montagnes, Québec</gmd:LocalisedCharacterString>
              </gmd:textGroup>
            </gmd:PT_FreeText>
          </gmd:keyword>
          <gmd:type>
            <gmd:MD_KeywordTypeCode codeList="http://nap.geogratis.gc.ca/metadata/register/napMetadataRegister.xml#IC_101" codeListValue="RI_525">place; endroit</gmd:MD_KeywordTypeCode>
          </gmd:type>
        </gmd:MD_Keywords>
      </gmd:descriptiveKeywords>
      <gmd:descriptiveKeywords>
        <gmd:MD_Keywords>
          <gmd:keyword xsi:type="gmd:PT_FreeText_PropertyType">
            <gco:CharacterString>Floods</gco:CharacterString>
            <gmd:PT_FreeText>
              <gmd:textGroup>
                <gmd:LocalisedCharacterString locale="#fra">Inondation</gmd:LocalisedCharacterString>
              </gmd:textGroup>
            </gmd:PT_FreeText>
          </gmd:keyword>
          <gmd:keyword xsi:type="gmd:PT_FreeText_PropertyType">
            <gco:CharacterString>Natural disasters</gco:CharacterString>
            <gmd:PT_FreeText>
              <gmd:textGroup>
                <gmd:LocalisedCharacterString locale="#fra">Catastrophe naturelle</gmd:LocalisedCharacterString>
              </gmd:textGroup>
            </gmd:PT_FreeText>
          </gmd:keyword>
          <gmd:type>
            <gmd:MD_KeywordTypeCode codeList="http://nap.geogratis.gc.ca/metadata/register/napMetadataRegister.xml#IC_101" codeListValue="RI_528">theme; thème</gmd:MD_KeywordTypeCode>
          </gmd:type>
          <gmd:thesaurusName>
            <gmd:CI_Citation>
              <gmd:title xsi:type="gmd:PT_FreeText_PropertyType">
                <gco:CharacterString>Government of Canada Core Subject Thesaurus</gco:CharacterString>
                <gmd:PT_FreeText>
                  <gmd:textGroup>
                    <gmd:LocalisedCharacterString locale="#fra">Thésaurus des sujets de base du gouvernement du Canada</gmd:LocalisedCharacterString>
                  </gmd:textGroup>
                </gmd:PT_FreeText>
              </gmd:title>
              <gmd:date>
                <gmd:CI_Date>
                  <gmd:date>
                    <gco:Date>2004</gco:Date>
                  </gmd:date>
                  <gmd:dateType>
                    <gmd:CI_DateTypeCode codeList="http://nap.geogratis.gc.ca/metadata/register/napMetadataRegister.xml#IC_87" codeListValue="RI_366">creation; création</gmd:CI_DateTypeCode>
                  </gmd:dateType>
                </gmd:CI_Date>
              </gmd:date>
              <gmd:date>
                <gmd:CI_Date>
                  <gmd:date>
                    <gco:Date>2016-06</gco:Date>
                  </gmd:date>
                  <gmd:dateType>
                    <gmd:CI_DateTypeCode codeList="http://nap.geogratis.gc.ca/metadata/register/napMetadataRegister.xml#IC_87" codeListValue="RI_367">publication; publication</gmd:CI_DateTypeCode>
                  </gmd:dateType>
                </gmd:CI_Date>
              </gmd:date>
              <gmd:date>
                <gmd:CI_Date>
                  <gmd:date>
                    <gco:Date>2015-03-25</gco:Date>
                  </gmd:date>
                  <gmd:dateType>
                    <gmd:CI_DateTypeCode codeList="http://nap.geogratis.gc.ca/metadata/register/napMetadataRegister.xml#IC_87" codeListValue="RI_368">revision; révision</gmd:CI_DateTypeCode>
                  </gmd:dateType>
                </gmd:CI_Date>
              </gmd:date>
              <gmd:citedResponsibleParty>
                <gmd:CI_ResponsibleParty>
                  <gmd:organisationName xsi:type="gmd:PT_FreeText_PropertyType">
                    <gco:CharacterString>Government of Canada; Library and Archives Canada</gco:CharacterString>
                    <gmd:PT_FreeText>
                      <gmd:textGroup>
                        <gmd:LocalisedCharacterString locale="#fra">Gouvernement du Canada; Bibliothèque et Archives Canada</gmd:LocalisedCharacterString>
                      </gmd:textGroup>
                    </gmd:PT_FreeText>
                  </gmd:organisationName>
                  <gmd:role>
                    <gmd:CI_RoleCode codeList="http://nap.geogratis.gc.ca/metadata/register/napMetadataRegister.xml#IC_90" codeListValue="RI_409">custodian; conservateur</gmd:CI_RoleCode>
                  </gmd:role>
                </gmd:CI_ResponsibleParty>
              </gmd:citedResponsibleParty>
            </gmd:CI_Citation>
          </gmd:thesaurusName>
        </gmd:MD_Keywords>
      </gmd:descriptiveKeywords>
      <gmd:resourceConstraints>
        <gmd:MD_LegalConstraints>
          <gmd:useLimitation xsi:type="gmd:PT_FreeText_PropertyType">
            <gco:CharacterString>Open Government Licence - Canada (http://open.canada.ca/en/open-government-licence-canada)</gco:CharacterString>
            <gmd:PT_FreeText>
              <gmd:textGroup>
                <gmd:LocalisedCharacterString locale="#fra">Licence du gouvernement ouvert - Canada (http://ouvert.canada.ca/fr/licence-du-gouvernement-ouvert-canada)</gmd:LocalisedCharacterString>
              </gmd:textGroup>
            </gmd:PT_FreeText>
          </gmd:useLimitation>
          <gmd:accessConstraints>
            <gmd:MD_RestrictionCode codeList="http://nap.geogratis.gc.ca/metadata/register/napMetadataRegister.xml#IC_107" codeListValue="RI_606">license; licence</gmd:MD_RestrictionCode>
          </gmd:accessConstraints>
          <gmd:useConstraints>
            <gmd:MD_RestrictionCode codeList="http://nap.geogratis.gc.ca/metadata/register/napMetadataRegister.xml#IC_107" codeListValue="RI_609">otherRestrictions; autresRestrictions</gmd:MD_RestrictionCode>
          </gmd:useConstraints>
          <gmd:useConstraints>
            <gmd:MD_RestrictionCode codeList="http://nap.geogratis.gc.ca/metadata/register/napMetadataRegister.xml#IC_107" codeListValue="RI_602">copyright; droitAuteur</gmd:MD_RestrictionCode>
          </gmd:useConstraints>
          <gmd:otherConstraints xsi:type="gmd:PT_FreeText_PropertyType">
            <gco:CharacterString>Use of this data for publications, posters, or presentations is encouraged. All use must include the following standard acknowledgement paragraph: "The flood extent products are derived from RADARSAT-2 images with a system developed and operated by the Strategic Policy and Results Sector of Natural Resources Canada © Department of Natural Resources Canada. All rights reserved." For questions please contact the Emergency Geomatic Service (nrcan.egs-sgu.rncan@canada.ca).</gco:CharacterString>
            <gmd:PT_FreeText>
              <gmd:textGroup>
                <gmd:LocalisedCharacterString locale="#fra">L'utilisation de ces données dans des publications, des affiches ou des présentations est encouragée. Toute utilisation doit inclure le paragraphe de reconnaissance standard suivant: "Les produits d'étendue d'inondation sont dérivés d'imagerie RADARSAT-2 avec un système développé et opéré par le Secteur des Sciences de la Terre de Ressources Naturelles Canada © Le ministère des Ressources naturelles Canada. Tous droits réservés." Pour toute question veuillez contacter le Service de Géomatique d'Urgence (nrcan.egs-sgu.rncan@canada.ca).</gmd:LocalisedCharacterString>
              </gmd:textGroup>
            </gmd:PT_FreeText>
          </gmd:otherConstraints>
        </gmd:MD_LegalConstraints>
      </gmd:resourceConstraints>
      <gmd:spatialRepresentationType>
        <gmd:MD_SpatialRepresentationTypeCode codeList="http://nap.geogratis.gc.ca/metadata/register/napMetadataRegister.xml#IC_109" codeListValue="RI_635">vector; vecteur</gmd:MD_SpatialRepresentationTypeCode>
      </gmd:spatialRepresentationType>
      <gmd:language>
        <gco:CharacterString>eng; CAN</gco:CharacterString>
      </gmd:language>
      <gmd:language>
        <gco:CharacterString>fra; CAN</gco:CharacterString>
      </gmd:language>
      <gmd:topicCategory>
        <gmd:MD_TopicCategoryCode>geoscientificInformation</gmd:MD_TopicCategoryCode>
      </gmd:topicCategory>
      <gmd:extent>
        <gmd:EX_Extent>
          <gmd:geographicElement>
            <gmd:EX_GeographicBoundingBox>
              <gmd:westBoundLongitude>
                <gco:Decimal>-74.4827881</gco:Decimal>
              </gmd:westBoundLongitude>
              <gmd:eastBoundLongitude>
                <gco:Decimal>-73.6891735</gco:Decimal>
              </gmd:eastBoundLongitude>
              <gmd:southBoundLatitude>
                <gco:Decimal>45.1815533</gco:Decimal>
              </gmd:southBoundLatitude>
              <gmd:northBoundLatitude>
                <gco:Decimal>45.7077262</gco:Decimal>
              </gmd:northBoundLatitude>
            </gmd:EX_GeographicBoundingBox>
          </gmd:geographicElement>
        </gmd:EX_Extent>
      </gmd:extent>
      <gmd:extent>
        <gmd:EX_Extent>
          <gmd:temporalElement>
            <gmd:EX_TemporalExtent>
              <gmd:extent>
                <gml:TimePeriod gml:id="tp1">
                  <gml:beginPosition>2017-05-21</gml:beginPosition>
                  <gml:endPosition>2017-05-21</gml:endPosition>
                </gml:TimePeriod>
              </gmd:extent>
            </gmd:EX_TemporalExtent>
          </gmd:temporalElement>
        </gmd:EX_Extent>
      </gmd:extent>
    </gmd:MD_DataIdentification>
  </gmd:identificationInfo>
  <gmd:distributionInfo>
    <gmd:MD_Distribution>
      <gmd:distributionFormat>
        <gmd:MD_Format>
          <gmd:name>
            <gco:CharacterString>SHP</gco:CharacterString>
          </gmd:name>
          <gmd:version>
            <gco:CharacterString>unknown</gco:CharacterString>
          </gmd:version>
        </gmd:MD_Format>
      </gmd:distributionFormat>
      <gmd:distributionFormat>
        <gmd:MD_Format>
          <gmd:name>
            <gco:CharacterString>KMZ</gco:CharacterString>
          </gmd:name>
          <gmd:version>
            <gco:CharacterString>unknown</gco:CharacterString>
          </gmd:version>
        </gmd:MD_Format>
      </gmd:distributionFormat>
      <gmd:distributionFormat>
        <gmd:MD_Format>
          <gmd:name>
            <gco:CharacterString>XML</gco:CharacterString>
          </gmd:name>
          <gmd:version>
            <gco:CharacterString>unknown</gco:CharacterString>
          </gmd:version>
        </gmd:MD_Format>
      </gmd:distributionFormat>
      <gmd:distributionFormat>
        <gmd:MD_Format>
          <gmd:name>
            <gco:CharacterString>PDF</gco:CharacterString>
          </gmd:name>
          <gmd:version>
            <gco:CharacterString>unknown</gco:CharacterString>
          </gmd:version>
        </gmd:MD_Format>
      </gmd:distributionFormat>
      <gmd:distributionFormat>
        <gmd:MD_Format>
          <gmd:name>
            <gco:CharacterString>ESRI REST</gco:CharacterString>
          </gmd:name>
          <gmd:version>
            <gco:CharacterString>unknown</gco:CharacterString>
          </gmd:version>
        </gmd:MD_Format>
      </gmd:distributionFormat>
      <gmd:distributionFormat>
        <gmd:MD_Format>
          <gmd:name>
            <gco:CharacterString>HTML</gco:CharacterString>
          </gmd:name>
          <gmd:version>
            <gco:CharacterString>unknown</gco:CharacterString>
          </gmd:version>
        </gmd:MD_Format>
      </gmd:distributionFormat>
      <gmd:distributor>
        <gmd:MD_Distributor>
          <gmd:distributorContact>
            <gmd:CI_ResponsibleParty>
              <gmd:organisationName xsi:type="gmd:PT_FreeText_PropertyType">
                <gco:CharacterString>Government of Canada; Natural Resources Canada; Strategic Policy and Results Sector; Canada Centre for Mapping and Earth Observation; Emergency Geomatic Services</gco:CharacterString>
                <gmd:PT_FreeText>
                  <gmd:textGroup>
                    <gmd:LocalisedCharacterString locale="#fra">Gouvernement du Canada; Ressources naturelles Canada; Secteur de la politique stratégique et des résultats; Centre canadien de cartographie et d'observation de la Terre; Service Géomatique d'Urgence</gmd:LocalisedCharacterString>
                  </gmd:textGroup>
                </gmd:PT_FreeText>
              </gmd:organisationName>
              <gmd:contactInfo>
                <gmd:CI_Contact>
                  <gmd:address>
                    <gmd:CI_Address>
                      <gmd:electronicMailAddress xsi:type="gmd:PT_FreeText_PropertyType">
                        <gco:CharacterString>nrcan.egs-sgu.rncan@canada.ca</gco:CharacterString>
                        <gmd:PT_FreeText>
                          <gmd:textGroup>
                            <gmd:LocalisedCharacterString locale="#fra">nrcan.egs-sgu.rncan@canada.ca</gmd:LocalisedCharacterString>
                          </gmd:textGroup>
                        </gmd:PT_FreeText>
                      </gmd:electronicMailAddress>
                    </gmd:CI_Address>
                  </gmd:address>
                </gmd:CI_Contact>
              </gmd:contactInfo>
              <gmd:role>
                <gmd:CI_RoleCode codeList="http://nap.geogratis.gc.ca/metadata/register/napMetadataRegister.xml#IC_90" codeListValue="RI_412">distributor; distributeur</gmd:CI_RoleCode>
              </gmd:role>
            </gmd:CI_ResponsibleParty>
          </gmd:distributorContact>
        </gmd:MD_Distributor>
      </gmd:distributor>
      <gmd:transferOptions>
        <gmd:MD_DigitalTransferOptions>
          <gmd:onLine>
            <gmd:CI_OnlineResource>
              <gmd:linkage>
                <gmd:URL>http://www.arcgis.com/apps/webappviewer/index.html?id=e0d40cc4969e4a5bad4da1b31966eecb</gmd:URL>
              </gmd:linkage>
              <gmd:protocol>
                <gco:CharacterString>HTTP</gco:CharacterString>
              </gmd:protocol>
              <gmd:name xsi:type="gmd:PT_FreeText_PropertyType">
                <gco:CharacterString>Link to an ArcGIS Online Web Map Application containing the current dataset.</gco:CharacterString>
                <gmd:PT_FreeText>
                  <gmd:textGroup>
                    <gmd:LocalisedCharacterString locale="#fra">Lien vers une Web Map Application d'ArcGIS Online contenant le jeu de données actuel.</gmd:LocalisedCharacterString>
                  </gmd:textGroup>
                </gmd:PT_FreeText>
              </gmd:name>
              <gmd:description xsi:type="gmd:PT_FreeText_PropertyType">
                <gco:CharacterString>Application;Web App;eng,fra</gco:CharacterString>
                <gmd:PT_FreeText>
                  <gmd:textGroup>
                    <gmd:LocalisedCharacterString locale="#fra">Application;Web App;eng,fra</gmd:LocalisedCharacterString>
                  </gmd:textGroup>
                </gmd:PT_FreeText>
              </gmd:description>
            </gmd:CI_OnlineResource>
          </gmd:onLine>
        </gmd:MD_DigitalTransferOptions>
      </gmd:transferOptions>
      <gmd:transferOptions>
        <gmd:MD_DigitalTransferOptions>
          <gmd:onLine>
            <gmd:CI_OnlineResource>
              <gmd:linkage>
                <gmd:URL>http://services1.arcgis.com/HsjBaDykC1mjhXz9/ArcGIS/rest/services/FloodExtentPolygon_QC_LacDeuxMontagnes_20170521_105646/FeatureServer/0</gmd:URL>
              </gmd:linkage>
              <gmd:protocol>
                <gco:CharacterString>HTTP</gco:CharacterString>
              </gmd:protocol>
              <gmd:name xsi:type="gmd:PT_FreeText_PropertyType">
                <gco:CharacterString>Link to an ESRI Feature Service.</gco:CharacterString>
                <gmd:PT_FreeText>
                  <gmd:textGroup>
                    <gmd:LocalisedCharacterString locale="#fra">Lien vers un service d'entités ESRI (Feature Service).</gmd:LocalisedCharacterString>
                  </gmd:textGroup>
                </gmd:PT_FreeText>
              </gmd:name>
              <gmd:description xsi:type="gmd:PT_FreeText_PropertyType">
                <gco:CharacterString>Web Service;ESRI REST;eng;fra</gco:CharacterString>
                <gmd:PT_FreeText>
                  <gmd:textGroup>
                    <gmd:LocalisedCharacterString locale="#fra">Web Service;ESRI REST;eng;fra</gmd:LocalisedCharacterString>
                  </gmd:textGroup>
                </gmd:PT_FreeText>
              </gmd:description>
            </gmd:CI_OnlineResource>
          </gmd:onLine>
        </gmd:MD_DigitalTransferOptions>
      </gmd:transferOptions>
      <gmd:transferOptions>
        <gmd:MD_DigitalTransferOptions>
          <gmd:onLine>
            <gmd:CI_OnlineResource>
              <gmd:linkage>
                <gmd:URL>ftp://ftp.neodf.nrcan.gc.ca/EGS/2017/Flood_Products/QC/FloodExtentPolygon_QC_LacDeuxMontagnes_20170521_105646.zip</gmd:URL>
              </gmd:linkage>
              <gmd:protocol>
                <gco:CharacterString>FTP</gco:CharacterString>
              </gmd:protocol>
              <gmd:name xsi:type="gmd:PT_FreeText_PropertyType">
                <gco:CharacterString>Download link to a zipped folder containing all generated files.</gco:CharacterString>
                <gmd:PT_FreeText>
                  <gmd:textGroup>
                    <gmd:LocalisedCharacterString locale="#fra">Lien de téléchargement vers un dossier compressé contenant tous les fichiers générés.</gmd:LocalisedCharacterString>
                  </gmd:textGroup>
                </gmd:PT_FreeText>
              </gmd:name>
              <gmd:description xsi:type="gmd:PT_FreeText_PropertyType">
                <gco:CharacterString>Dataset;ZIP;eng;fra</gco:CharacterString>
                <gmd:PT_FreeText>
                  <gmd:textGroup>
                    <gmd:LocalisedCharacterString locale="#fra">Dataset;ZIP;eng;fra</gmd:LocalisedCharacterString>
                  </gmd:textGroup>
                </gmd:PT_FreeText>
              </gmd:description>
            </gmd:CI_OnlineResource>
          </gmd:onLine>
        </gmd:MD_DigitalTransferOptions>
      </gmd:transferOptions>
    </gmd:MD_Distribution>
  </gmd:distributionInfo>
</gmd:MD_Metadata>